{"_default": {"1": {"id": 417125704807874570, "wallet": 486.9273272108112, "holdings": "AAPL 123.84;SPY 167.35;"}, "2": {"id": 342576375523311616, "wallet": 33.59524001865904, "holdings": "SPY 108.75219869780996;GOOG 13.74;AMZN 5.14;"}, "3": {"id": 355905526745268226, "wallet": 57174.829000000005, "holdings": "NKLA 2349.26;AAPL 115.38;"}, "4": {"id": 455655526156599306, "wallet": 8379.297938168995, "holdings": "LFMD 3667.4300000000003;UWMC 2838.22;"}, "5": {"id": 385348785733107714, "wallet": 7244.6708, "holdings": "FB 16.02;AAPL 402.48;TSLA 41.08;"}, "6": {"id": 351251834117029890, "wallet": 43269.963999999985, "holdings": "HRTX 1014.93;APLS 400.0;"}, "7": {"id": 289663576904433664, "wallet": 505.0, "holdings": "AAPL 341.67;AMD 114.63;JNJ 59.16;TSLA 30.21;MSFT 32.17;"}}}